Id,value
1,0.0
2,0.0
3,0.0
4,0.0
5,0.0
6,0.0
7,-2.418370662400003
8,-2.3639511040000003
9,-2.418370662400003
10,-2.3639511040000003
11,-2.273251840000004
12,-11.363951104
13,-1.8701440000000018
14,-1.450240000000004
15,-1.8701440000000018
16,-1.450240000000004
17,-0.7504000000000028
18,-10.450239999999992
19,-2.3639511040000003
20,-2.27325184
21,-2.3639511040000003
22,-2.27325184
23,-2.122086400000004
24,-11.273251839999995
25,-2.49619150162493
26,-2.497712859377681
27,-2.49619150162493
28,-2.4977077367264644
29,-11.492750538384286
30,-11.491662363989386
31,0.0
32,0.0
33,0.0
34,0.0
35,0.0
36,0.0
37,-2.49619150162493
38,-2.497709063314811
39,-2.49619150162493
40,-2.4977120865364975
41,-11.493711244767258
42,-11.484876647510914
43,-2.482368063078398
44,-2.489404319162038
45,-2.482368063078398
46,-2.4894142888487925
47,-11.486470844453022
48,-11.487048779457153
49,-2.27325184
50,-2.3638892009014985
51,-2.418335079963587
52,-2.363614679568914
53,-11.361652910574486
54,-11.356579802849248
55,-2.470613438464001
56,-2.4823636901931665
57,-2.4893835690207604
58,-2.4823606875839554
59,-11.478374520278424
60,-11.477483296019447
61,0.0
62,0.0
63,0.0
64,0.0
65,0.0
66,0.0
67,-2.4510223974400023
68,-2.4706097925169765
69,-2.4823019468274348
70,-2.470591059650398
71,-11.468445436745775
72,-11.466563949501282
73,-2.4894208378470393
74,-2.493648618881622
75,-2.4894208378470393
76,-2.4936418480501032
77,-11.48101639822872
78,-11.487573815141557
79,-2.470613438464001
80,-2.4823433787035354
81,-2.470613438464001
82,-2.482355594894504
83,-11.473924267997319
84,-11.476325512316075
85,-2.4894208378470393
86,-2.493644713140544
87,-2.4894208378470393
88,-2.4936483648066874
89,-11.479408635933726
90,-11.486665502450132
91,0.0
92,0.0
93,0.0
94,0.0
95,0.0
96,0.0
97,5.599999999999993
98,10.999999999999991
99,5.599999999999993
100,10.999999999999991
101,1.9999999999999922
102,19.99999999999999
103,-2.122086400000004
104,-2.27325184
105,-2.122086400000004
106,-2.27325184
107,-11.273251839999995
108,-2.3639511040000003
109,0.41599999999999737
110,-0.7504000000000028
111,-1.450240000000004
112,-0.7504000000000028
113,-9.750399999999994
114,-1.450240000000002
115,-1.8701440000000038
116,-2.1220864
117,-1.8701440000000038
118,-2.1220864
119,-11.122086399999999
120,-2.27325184
121,0.0
122,0.0
123,0.0
124,0.0
125,0.0
126,0.0
127,-2.4510223974400023
128,-2.418370662400003
129,-2.418370662400003
130,-2.3639511040000043
131,-11.418370662400003
132,-11.418370662400003
133,-2.1220864
134,-1.8701440000000018
135,-1.8701440000000038
136,-1.450240000000004
137,-10.87014399999999
138,-10.87014399999999
139,-2.4183632204581036
140,-2.3639460582073686
141,-2.363950435386041
142,-2.273251840000004
143,-11.363923681007261
144,-11.363724779699849
145,-2.493652502708222
146,-2.496191052439835
147,-2.4961897344047332
148,-2.497712448521655
149,-11.486946580781206
150,-11.492967182896805
151,0.0
152,0.0
153,0.0
154,0.0
155,0.0
156,0.0
157,-2.493652502708222
158,-2.496190475957022
159,-2.4961907658588838
160,-2.497703764548685
161,-11.491013273452598
162,-11.49179552795179
163,-2.4706134384639964
164,-2.4823124583036655
165,-2.482358013532419
166,-2.4894098794971966
167,-11.474944873884663
168,-11.480024172911829
169,-2.3639511040000003
170,-2.418331471820066
171,-2.418102957707325
172,-2.3639511040000003
173,-11.402597576490033
174,-11.389091298138979
175,-2.482368063078398
176,-2.489407374661336
177,-2.489414437719676
178,-2.482368063078398
179,-11.473333553623974
180,-11.483358615182937
181,0.0
182,0.0
183,0.0
184,0.0
185,0.0
186,0.0
187,-2.470613438464001
188,-2.4823566075499164
189,-2.482359941622169
190,-2.470613438464001
191,-11.48146029557458
192,-11.47694591570526
193,-2.482368063078398
194,-2.4894197706278027
195,-2.48940727186709
196,-2.4936491802158884
197,-11.487079396797093
198,-11.481841244141958
199,-2.4510223974400023
200,-2.470608883893454
201,-2.4705918194914105
202,-2.4823439933417486
203,-11.470170457984345
204,-11.46866768780722
205,-2.482368063078398
206,-2.4894042776416776
207,-2.4894075788835432
208,-2.493637680113602
209,-11.487010296726574
210,-11.484872616246095
211,0.0
212,0.0
213,0.0
214,0.0
215,0.0
216,0.0
217,2.3599999999999963
218,5.599999999999993
219,5.599999999999993
220,10.999999999999991
221,-3.400000000000006
222,-3.400000000000006
223,-1.8701440000000038
224,-2.1166518215974426
225,-2.1207286873696876
226,-2.2528102129768097
227,-10.912510415924217
228,-10.970904564260934
229,-0.7504000000000028
230,-1.4474820274986355
231,-1.4395991034950604
232,-0.7680393246103205
233,-10.158278578619356
234,-10.347984691194258
235,-1.450240000000004
236,-1.8670890856554936
237,-1.8652029267696577
238,-2.0764700666755997
239,-10.528850250303762
240,-10.523175312987064
241,0.0
242,0.0
243,0.0
244,0.0
245,0.0
246,0.0
247,-2.4894208378470393
248,-2.4936448306515695
249,-2.4961810818339893
250,-2.4936491281739923
251,-11.49251462031139
252,-11.493213973956415
253,-2.4183706623999988
254,-2.4509878122665647
255,-2.4705855676621975
256,-2.4509840164765655
257,-11.44661895251639
258,-11.44424306308936
259,-2.482368063078398
260,-2.489413743409563
261,-2.4936422221939147
262,-2.4894098907527886
263,-11.486162246872446
264,-11.483334454187922
265,-2.470613438464001
266,-2.4510223974400023
267,-2.418370662400003
268,-2.4510223974400023
269,-11.451022397439997
270,-11.451022397439997
271,0.0
272,0.0
273,0.0
274,0.0
275,0.0
276,0.0
277,-2.470613438464001
278,-2.4510223974400023
279,-2.418370662400003
280,-2.4510223974400023
281,-11.451022397439997
282,-11.451022397439997
283,-2.36391045448596
284,-2.2732496599132634
285,-2.122086400000004
286,-2.273243178909694
287,-11.272910635484461
288,-11.273066961585329
289,-2.418370662400003
290,-2.4510203782070996
291,-2.470439772884424
292,-2.4510190287580884
293,-11.450194965288025
294,-11.448038244036109
295,-2.4894208378470393
296,-2.4936501070528636
297,-2.4961904599503897
298,-2.4936447758074958
299,-11.490374573235613
300,-11.491954432753792
301,0.0
302,0.0
303,0.0
304,0.0
305,0.0
306,0.0
307,-2.4823680630784026
308,-2.4894058346223735
309,-2.4936463770760704
310,-2.48941291400364
311,-11.485653382834922
312,-11.48839544565346
313,-2.470613438464001
314,-2.482358016844557
315,-2.470613438464001
316,-2.482354302766929
317,-11.48019177868489
318,-11.47999211452742
319,-2.4183706623999988
320,-2.450586754246143
321,-2.4183706623999988
322,-2.450766928817278
323,-11.414967324242802
324,-11.446650043643361
325,-2.470613438464001
326,-2.4823443346511396
327,-2.470613438464001
328,-2.4823527349550902
329,-11.478234092530636
330,-11.474042002244177
331,0.0
332,0.0
333,0.0
334,0.0
335,0.0
336,0.0
337,-1.450240000000004
338,-1.7891097194699088
339,-1.8855834894725243
340,-1.817253881354474
341,-6.122765565945541
342,-6.130226372687061
343,0.41599999999999737
344,2.3599999999999963
345,5.599999999999993
346,2.3599999999999963
347,-6.640000000000003
348,-6.640000000000003
349,-1.450240000000004
350,-1.8469377135248968
351,-1.9748300443657074
352,-1.8478530004046663
353,-8.351704136551099
354,-8.080500298148747
355,-0.7504271539086251
356,-0.9613256926592263
357,-0.908778799261734
358,-1.0108746689682198
359,-1.0
360,-1.0
361,0.0
362,0.0
363,0.0
364,0.0
365,0.0
366,0.0
367,-2.493652502708222
368,-2.4961859692845003
369,-2.4977032450367473
370,-2.493652502708222
371,-11.490704059493238
372,-11.494798724926843
373,-2.451022397439998
374,-2.4706117008936874
375,-2.482345028381269
376,-2.451022397439998
377,-11.469366610820202
378,-11.446754812085883
379,-2.4894208378470393
380,-2.4936488565141794
381,-2.4961902429000675
382,-2.4894208378470393
383,-11.493335576496545
384,-11.49315871950437
385,-2.4510223974400023
386,-2.418370662400003
387,-2.3639511040000043
388,-2.4510223974400023
389,-11.418370662400003
390,-11.418370662400003
391,0.0
392,0.0
393,0.0
394,0.0
395,0.0
396,0.0
397,-2.4510223974400023
398,-2.418370662400003
399,-2.3639511040000043
400,-2.4510223974400023
401,-11.418370662400003
402,-11.418370662400003
403,-2.27325184
404,-2.1220864
405,-1.8701440000000038
406,-2.27325184
407,-11.122086399999999
408,-11.122086399999999
409,-2.4510223974400023
410,-2.470579925529457
411,-2.482356393283976
412,-2.4510223974400023
413,-11.4563771814794
414,-11.470260615482534
415,-2.493652502708222
416,-2.4961909034621756
417,-2.4977093947566487
418,-2.493652502708222
419,-11.493832365339854
420,-11.479485084310236
421,0.0
422,0.0
423,0.0
424,0.0
425,0.0
426,0.0
427,-2.4894208378470393
428,-2.4936391108557974
429,-2.496187136461355
430,-2.4894208378470393
431,-11.492383076267625
432,-11.488726115732218
433,-2.4510223974400023
434,-2.470599211847948
435,-2.4823404095114046
436,-2.482352794727757
437,-11.463880615949744
438,-11.46888441092905
439,-2.3639511040000003
440,-2.418214860854304
441,-2.4509981098458047
442,-2.4509629130471824
443,-11.417367630531214
444,-11.41551684450656
445,-2.4510223974400023
446,-2.470601609193003
447,-2.482338393474185
448,-2.482355764566406
449,-11.469437958659647
450,-11.466087754247997
451,0.0
452,0.0
453,0.0
454,0.0
455,0.0
456,0.0
457,-1.8701440000000038
458,-2.1220864
459,-2.27325184
460,-1.8701440000000416
461,-11.122086399999988
462,-11.122086399999999
463,2.3599999999999963
464,5.599999999999993
465,10.999999999999991
466,2.3599999999999963
467,-3.400000000000006
468,-3.400000000000006
469,-1.8701440000000038
470,-2.1220864
471,-2.27325184
472,-1.8701440000000038
473,-11.12208639999997
474,-11.122086399999812
475,0.41599999999999737
476,-0.758684115647458
477,-1.4295839270733464
478,-1.4272945833424255
479,-9.509558227745572
480,-9.301469177031208
481,0.0
482,0.0
483,0.0
484,0.0
485,0.0
486,0.0
487,-2.49619150162493
488,-2.497714114164136
489,-2.497711472119474
490,-2.49619150162493
491,-11.496452033961946
492,-11.481468292798874
493,-2.4706134384639964
494,-2.4823506784373377
495,-2.4823587838001635
496,-2.4706134384639964
497,-11.480242932811336
498,-11.470735706407664
499,-2.493652502708222
500,-2.4961875245055043
501,-2.4961831833958312
502,-2.493652502708222
503,-11.49463486722314
504,-11.482111239970239
505,-2.418370662400003
506,-2.3639511040000003
507,-2.3639511040000003
508,-2.418370662400003
509,-2.273251840000004
510,-11.363951104
511,0.0
512,0.0
513,0.0
514,0.0
515,0.0
516,0.0
517,-2.418370662400003
518,-2.3639511040000003
519,-2.3639511040000003
520,-2.418370662400003
521,-2.273251840000004
522,-11.363951104
523,-2.1220864
524,-1.8701440000000018
525,-1.8701440000000018
526,-2.1220864
527,-1.450240000000004
528,-10.87014399999999
529,-2.470613438464001
530,-2.482361236243487
531,-2.4823648923374355
532,-2.470613438464001
533,-11.480626795091002
534,-11.480980723213394
535,-2.49619150162493
536,-2.4977141041156736
537,-2.4977084717233384
538,-2.49619150162493
539,-11.494442790761077
540,-11.478208912341218
541,0.0
542,0.0
543,0.0
544,0.0
545,0.0
546,0.0
547,-2.493652502708222
548,-2.496187467592258
549,-2.4961854759338213
550,-2.493652502708222
551,-11.488739918550923
552,-11.491764082619223
553,-2.4706134384639964
554,-2.4823462607373616
555,-2.4823626829396037
556,-2.470613438464001
557,-11.47627605605412
558,-11.477435974153082
559,-2.4183706623999988
560,-2.4509875109218417
561,-2.4509230512533073
562,-2.4183706623999988
563,-11.440692541194286
564,-11.424532593484049
565,-2.4706134384639964
566,-2.482363577112667
567,-2.4823567979452803
568,-2.470613438464001
569,-11.475639131301834
570,-11.474860589478093
571,0.0
572,0.0
573,0.0
574,0.0
575,0.0
576,0.0
577,-2.122086400000004
578,-2.27325184
579,-2.27325184
580,-2.122086400000004
581,-11.273251839999995
582,-2.3639511040000003
583,5.599999999999993
584,10.999999999999991
585,10.999999999999991
586,5.599999999999993
587,1.9999999999999922
588,19.99999999999999
589,-2.122086400000004
590,-2.27325184
591,-2.27325184
592,-2.122086400000004
593,-11.273251839999995
594,-2.3639511040000003
595,-0.7504000000000028
596,-1.450240000000002
597,-1.450240000000002
598,-0.7504000000000028
599,-10.450239999999992
600,-1.8701440000000018
601,0.0
602,0.0
603,0.0
604,0.0
605,0.0
606,0.0
607,-2.4510223974399854
608,-2.3639511040000043
609,-2.4510223974400023
610,-2.418370662400003
611,-11.418370662399848
612,-11.418370662400003
613,-2.1220864
614,-1.450240000000004
615,-2.1220864
616,-1.8701440000000038
617,-10.87014399999999
618,-10.87014399999999
619,-2.418370662400003
620,-2.273251840000004
621,-2.4183706623999988
622,-2.3639511040000003
623,-11.363951104
624,-11.363951104
625,-2.493652502708222
626,-2.49771486585406
627,-2.493652502708222
628,-2.4961914362989495
629,-11.496138624450639
630,-11.496148917802598
631,0.0
632,0.0
633,0.0
634,0.0
635,0.0
636,0.0
637,-2.493652502708222
638,-2.497714892218496
639,-2.493652502708222
640,-2.4961914964814924
641,-11.496174713234259
642,-11.496174983916768
643,-2.4706134384639964
644,-2.489420707348713
645,-2.4706134384639964
646,-2.4823678961297726
647,-11.482353133414962
648,-11.482361521475669
649,-2.122086400000004
650,-2.363950948806979
651,-2.363951102352184
652,-2.273251837883969
653,-11.273251153578975
654,-11.273251711810463
655,-2.4510223974400063
656,-2.4823680613658703
657,-2.482368062716348
658,-2.470613438075271
659,-11.470613393460548
660,-11.470613391818967
661,0.0
662,0.0
663,0.0
664,0.0
665,0.0
666,0.0
667,-2.418370662400007
668,-2.4706134366168087
669,-2.4706134377309215
670,-2.451022396435147
671,-11.451021330689342
672,-11.45102214923507
673,-2.482368063078398
674,-2.4936518914015187
675,-2.482368063078398
676,-2.489420792442085
677,-11.489412858651868
678,-11.489419349756941
679,-2.4510223974400023
680,-2.4823680488561712
681,-2.4510223974400023
682,-2.4706128801233374
683,-11.470560345713068
684,-11.470487534171472
685,-2.482368063078398
686,-2.4936524656754613
687,-2.482368063078398
688,-2.4894207819730303
689,-11.489405763492213
690,-11.489417015599473
691,0.0
692,0.0
693,0.0
694,0.0
695,0.0
696,0.0
697,2.3599999999999963
698,10.999999999999991
699,2.3599999999999963
700,5.599999999999993
701,-3.400000000000006
702,-3.400000000000006
703,-1.8701440000000038
704,-2.27325184
705,-1.8701440000000038
706,-2.1220864
707,-11.122086399999999
708,-11.122086399999999
709,2.3599999999999963
710,-0.7504000000000028
711,-0.7504000000000028
712,0.41599999999999737
713,-8.583999999999994
714,-8.583999999999994
715,-1.450240000000004
716,-2.1220864
717,-1.450240000000004
718,-1.8701440000000018
719,-10.87014399999999
720,-10.87014399999999
721,0.0
722,0.0
723,0.0
724,0.0
725,0.0
726,0.0
727,-2.470613438464001
728,-2.418370662400003
729,-2.4510223974400023
730,-2.418370662400003
731,-11.451022397439997
732,-11.451022397439997
733,-2.27325184
734,-1.8701440000000038
735,-2.1220864
736,-1.8701440000000038
737,-11.122086399999999
738,-11.122086399999999
739,-2.451022397439998
740,-2.3639511040000043
741,-2.4183706623999988
742,-2.3639511040000003
743,-11.418370662400003
744,-11.418370662400003
745,-2.4894208378470393
746,-2.4961915006188486
747,-2.493652501493497
748,-2.496191501448272
749,-11.493650021723491
750,-11.493650842055313
751,0.0
752,0.0
753,0.0
754,0.0
755,0.0
756,0.0
757,-2.4894208378470393
758,-2.496191499798296
759,-2.4936524888191944
760,-2.4961914986282725
761,-11.493650029634244
762,-11.4936504906335
763,-2.451022397439998
764,-2.482368056057052
765,-2.470613434992957
766,-2.4823680619833346
767,-11.47061256631386
768,-11.470612102375053
769,-2.27325184
770,-2.41837064599261
771,-2.3639510501250283
772,-2.27325184
773,-11.363931008034116
774,-11.363949804522838
775,-2.470613438464001
776,-2.4894208171781087
777,-2.482368060595268
778,-2.470613438464001
779,-11.48236387830582
780,-11.482360156401699
781,0.0
782,0.0
783,0.0
784,0.0
785,0.0
786,0.0
787,-2.4510223974400023
788,-2.482368060535229
789,-2.4706134273479203
790,-2.4510223974400023
791,-11.470611226056956
792,-11.470612221062225
793,-2.470613438464001
794,-2.4894208297553084
795,-2.4823680613081045
796,-2.4894208370991824
797,-11.482360956755155
798,-11.482367170248603
799,-2.418370662400003
800,-2.4706134087373517
801,-2.4510223291927655
802,-2.4706133530057963
803,-11.451014413321717
804,-11.451021429796018
805,-2.470613438464001
806,-2.489420815112655
807,-2.4823680354915694
808,-2.4894208312310995
809,-11.482333272779583
810,-11.482361312225754
811,0.0
812,0.0
813,0.0
814,0.0
815,0.0
816,0.0
817,0.41599999999999737
818,5.599999999999993
819,2.3599999999999963
820,5.599999999999993
821,-6.640000000000003
822,-6.640000000000003
823,-1.450240000000004
824,-2.1220825624717907
825,-1.870143835270189
826,-2.1220849601818497
827,-10.870018657475402
828,-10.870061763790872
829,0.41599999999999737
830,-1.4502396491429173
831,-0.7504067844590854
832,0.4159534221128385
833,-9.750374685940468
834,-9.750361245625346
835,-0.7504000000000028
836,-1.8701410941644794
837,-1.4502403637119818
838,-1.8701338265961884
839,-10.449773337971505
840,-10.449963338428697
841,0.0
842,0.0
843,0.0
844,0.0
845,0.0
846,0.0
847,-2.482368063078398
848,-2.493652499889894
849,-2.4936524909939566
850,-2.4894208285560686
851,-11.489413730282473
852,-11.489418561205664
853,-2.3639511040000003
854,-2.451022397439998
855,-2.451022397439998
856,-2.4183706623999988
857,-11.418370662400003
858,-11.418370662400003
859,-2.4706134384639964
860,-2.4894208306655368
861,-2.4894208276706777
862,-2.4823680621341775
863,-11.482367417047426
864,-11.482367946236014
865,-2.482368063078398
866,-2.4510223974400023
867,-2.4510223974400023
868,-2.470613438464001
869,-11.470613438463989
870,-11.470613438463989
871,0.0
872,0.0
873,0.0
874,0.0
875,0.0
876,0.0
877,-2.482368063078398
878,-2.4510223974400023
879,-2.4510223974400023
880,-2.470613438464001
881,-11.470613438463989
882,-11.470613438463989
883,-2.4183706623999988
884,-2.273251840000004
885,-2.27325184
886,-2.3639511040000003
887,-11.363951104
888,-11.363951104
889,-2.3639511040000043
890,-2.451022328583053
891,-2.451022392465212
892,-2.4183706609736397
893,-11.418370442564889
894,-11.41836759302434
895,-2.4823680630784026
896,-2.493652502708222
897,-2.493652502708222
898,-2.4894208378470393
899,-11.48942083784703
900,-11.48942083784703
901,0.0
902,0.0
903,0.0
904,0.0
905,0.0
906,0.0
907,-2.470613438464005
908,-2.4894208360300007
909,-2.4894208253941335
910,-2.4823680498135454
911,-11.482362780669739
912,-11.482367724026288
913,-2.4510223974400023
914,-2.4823680537977477
915,-2.4510223974400023
916,-2.470613423774831
917,-11.470601358009702
918,-11.4706118053738
919,-2.3639511040000003
920,-2.451022245694148
921,-2.3639511040000003
922,-2.418370554533912
923,-11.418366793747627
924,-11.41833609653025
925,-2.4510223974400023
926,-2.4823680483331207
927,-2.4510223974400023
928,-2.470613421700694
929,-11.470594922913481
930,-11.470612525901288
931,0.0
932,0.0
933,0.0
934,0.0
935,0.0
936,0.0
937,-0.7504000000000028
938,-1.8698773884247488
939,-1.8700057288435712
940,-1.4502590039356376
941,-10.449032844157163
942,-10.44770694904167
943,-0.7504000000000008
944,2.3599999999999963
945,2.3599999999999963
946,0.41599999999999737
947,-8.583999999999994
948,-8.583999999999994
949,-0.7504000000000028
950,-1.8700941994409241
951,-1.868846175004117
952,-1.4502949005383747
953,-10.449895738207111
954,-10.448397180572009
955,0.41599999999999737
956,-1.44923644844091
957,0.41449431592051544
958,-0.7506217031419626
959,-9.68166420805221
960,-9.742175894030003
961,0.0
962,0.0
963,0.0
964,0.0
965,0.0
966,0.0
967,-2.4894208378470393
968,-2.4961914847099274
969,-2.4961915005965114
970,-2.4894208378470393
971,-11.493648276568901
972,-11.493637152633777
973,-2.418370662400003
974,-2.470613438463135
975,-2.4706134384626535
976,-2.4183706623999988
977,-11.45102239711947
978,-11.451022397421553
979,-2.482368063078398
980,-2.4936525017663604
981,-2.4936525011246693
982,-2.482368063078398
983,-11.489408714998177
984,-11.489420267287489
985,-2.470613438464001
986,-2.418370662400003
987,-2.418370662400003
988,-2.4706134384639986
989,-11.45102239743927
990,-11.451022397437448
991,0.0
992,0.0
993,0.0
994,0.0
995,0.0
996,0.0
997,-2.4706134384639946
998,-2.418370662400003
999,-2.418370662400003
1000,-2.470613438464001
1001,-11.451022397439782
1002,-11.451022397439107
1003,-2.3639511040000003
1004,-2.122086400000004
1005,-2.122086400000004
1006,-2.3639511040000003
1007,-11.273251839999995
1008,-11.273251839999995
1009,-2.418370662400003
1010,-2.470613407033402
1011,-2.4706134119974292
1012,-2.418370662400003
1013,-11.451022046919956
1014,-11.451018640014356
1015,-2.4894208378470437
1016,-2.496191501624913
1017,-2.4961915016247995
1018,-2.4894208378470393
1019,-11.493652502703371
1020,-11.493652502607125
1021,0.0
1022,0.0
1023,0.0
1024,0.0
1025,0.0
1026,0.0
1027,-2.4823680630784026
1028,-2.4936524819991015
1029,-2.4936524967511247
1030,-2.4823680630784026
1031,-11.489420585590645
1032,-11.489418998436095
1033,-2.418370662400003
1034,-2.4706134193371247
1035,-2.4706134296690916
1036,-2.4706134369909774
1037,-11.451021984866513
1038,-11.451022062680616
1039,-2.273251840000004
1040,-2.4183706621222876
1041,-2.4183706426785436
1042,-2.41837065749015
1043,-11.363950654017462
1044,-11.363948401389571
1045,-2.418370662400003
1046,-2.470613438168937
1047,-2.4706134322412794
1048,-2.4706134337351395
1049,-11.45102232765193
1050,-11.45102227903131
1051,0.0
1052,0.0
1053,0.0
1054,0.0
1055,0.0
1056,0.0
1057,-1.450240000000004
1058,-2.1220864
1059,-2.1220864
1060,-1.450240000000004
1061,-10.87014399999999
1062,-10.87014399999999
1063,0.41599999999999737
1064,5.599999999999993
1065,5.599999999999993
1066,0.41599999999999737
1067,-6.640000000000003
1068,-6.640000000000003
1069,-1.450240000000004
1070,-2.1220864
1071,-2.1220864
1072,-1.450240000000004
1073,-10.87014399999999
1074,-10.87014399999999
1075,2.3599999999999963
1076,-0.7504000000000028
1077,-0.7504000000000008
1078,-0.7504000000000028
1079,-8.583999999999994
1080,-8.583999999999994
1081,0.0
1082,0.0
1083,0.0
1084,0.0
1085,0.0
1086,0.0
1087,-2.493652502708222
1088,-2.4977148983696016
1089,-2.496191500651168
1090,-2.493652502708222
1091,-11.496181415922887
1092,-11.496187669962474
1093,-2.4510223974400023
1094,-2.4823680445456704
1095,-2.4706133991110635
1096,-2.451022397439998
1097,-11.470598053031841
1098,-11.470460754295345
1099,-2.4894208378470393
1100,-2.496191482629384
1101,-2.49365249156511
1102,-2.4894208378470393
1103,-11.493620804319102
1104,-11.49358424483197
1105,-2.4510223974400023
1106,-2.3639511040000043
1107,-2.418370662400003
1108,-2.451022397440001
1109,-11.418370662399846
1110,-11.418370662399765
1111,0.0
1112,0.0
1113,0.0
1114,0.0
1115,0.0
1116,0.0
1117,-2.451022397440002
1118,-2.3639511040000043
1119,-2.418370662400003
1120,-2.451022397440001
1121,-11.418370662399672
1122,-11.418370662400003
1123,-2.27325184
1124,-1.8701440000000038
1125,-2.1220864
1126,-2.27325184
1127,-11.122086399999999
1128,-11.122086399999999
1129,-2.4510223974400023
1130,-2.4823679126829363
1131,-2.4706131768738895
1132,-2.4510223974400023
1133,-11.470594285811522
1134,-11.470599659256724
1135,-2.4936525027082266
1136,-2.497714870752513
1137,-2.4961914946688277
1138,-2.493652502708222
1139,-11.496190623608452
1140,-11.496184957115497
1141,0.0
1142,0.0
1143,0.0
1144,0.0
1145,0.0
1146,0.0
1147,-2.4894208378470393
1148,-2.496191469804815
1149,-2.493652490197948
1150,-2.4894208378470393
1151,-11.493632094930751
1152,-11.493617806696562
1153,-2.451022397439998
1154,-2.482367974483649
1155,-2.4706133104999
1156,-2.4510223974400023
1157,-11.47056551968727
1158,-11.470513053304847
1159,-2.3639511040000003
1160,-2.4510222139642224
1161,-2.418370526853415
1162,-2.3639511040000003
1163,-11.41836944935966
1164,-11.418368867940986
1165,-2.451022397439998
1166,-2.482367849940159
1167,-2.4706134335886665
1168,-2.4510223974400023
1169,-11.470602199912626
1170,-11.470609662192304
1171,0.0
1172,0.0
1173,0.0
1174,0.0
1175,0.0
1176,0.0
1177,-1.8701440000000038
1178,-2.27325184
1179,-2.1220864
1180,-1.8701440000000038
1181,-11.122086399999999
1182,-11.122086399999999
1183,2.3599999999999963
1184,10.999999999999991
1185,5.599999999999993
1186,2.3599999999999963
1187,-3.400000000000006
1188,-3.400000000000006
1189,-1.8701440000000038
1190,-2.27325184
1191,-2.1220864
1192,-1.8701440000000038
1193,-11.122086399999999
1194,-11.122086399999999
1195,0.41599999999999737
1196,-1.450240000000002
1197,-0.7504000000000028
1198,0.41599999999999737
1199,-9.750399999999994
1200,-9.750399999999994
1201,0.0
1202,0.0
1203,0.0
1204,0.0
1205,0.0
1206,0.0
1207,-2.4706134384539897
1208,-2.418370662400007
1209,-2.4706134384637
1210,-2.451022397430084
1211,-11.451022395075633
1212,-11.451022395531172
1213,-2.27325184
1214,-1.8701440000000038
1215,-2.27325184
1216,-2.1220864
1217,-11.122086399999999
1218,-11.122086399999999
1219,-2.4510223974349574
1220,-2.3639511040000043
1221,-2.451022397311946
1222,-2.4183706623994095
1223,-11.418370661368572
1224,-11.418370662006813
1225,-2.49619150162493
1226,-2.49619150162493
1227,-2.4894208378470393
1228,-2.493652502708222
1229,-11.493652502707846
1230,-11.493652502707327
1231,0.0
1232,0.0
1233,0.0
1234,0.0
1235,0.0
1236,0.0
1237,-2.49619150162493
1238,-2.49619150162493
1239,-2.4894208378470393
1240,-2.493652502708222
1241,-11.49365250270821
1242,-11.493652502708217
1243,-2.482368063078398
1244,-2.482368063078398
1245,-2.451022397439998
1246,-2.4706134384639964
1247,-11.470613438463898
1248,-11.470613438460193
1249,-1.8701440000000038
1250,-2.27325184
1251,-2.27325184
1252,-2.122086400000004
1253,-11.122086399999999
1254,-11.122086399999999
1255,-2.418370662400007
1256,-2.470613438464001
1257,-2.470613438464001
1258,-2.4510223974400023
1259,-11.451022397439997
1260,-11.451022397439997
1261,0.0
1262,0.0
1263,0.0
1264,0.0
1265,0.0
1266,0.0
1267,-2.3639511040000043
1268,-2.4510223974400023
1269,-2.4510223974400023
1270,-2.418370662400003
1271,-11.418370662400003
1272,-11.418370662400003
1273,-2.4894208378470393
1274,-2.4894208378470393
1275,-2.470613438464001
1276,-2.482368063078393
1277,-11.482368063077988
1278,-11.482368063077065
1279,-2.470613438464001
1280,-2.4706134384639915
1281,-2.418370662400003
1282,-2.4510223974400023
1283,-11.451022397439695
1284,-11.451022397439992
1285,-2.489420837847027
1286,-2.489420837847039
1287,-2.470613438464001
1288,-2.482368063078395
1289,-11.482368063078184
1290,-11.482368063078393
1291,0.0
1292,0.0
1293,0.0
1294,0.0
1295,0.0
1296,0.0
1297,0.41599999999999737
1298,5.599999999999993
1299,0.41599999999999737
1300,2.3599999999999963
1301,-6.640000000000003
1302,-6.640000000000003
1303,-2.1220864
1304,-2.1220864
1305,-1.450240000000004
1306,-1.8701440000000038
1307,-10.87014399999999
1308,-10.87014399999999
1309,5.599999999999993
1310,0.41599999999999737
1311,0.41599999999999737
1312,2.3599999999999963
1313,-6.640000000000003
1314,-6.640000000000003
1315,-1.8701440000000018
1316,-1.8701440000000018
1317,-0.7504000000000028
1318,-1.450240000000004
1319,-10.450239999999992
1320,-10.450239999999992
1321,0.0
1322,0.0
1323,0.0
1324,0.0
1325,0.0
1326,0.0
1327,-2.482368063078398
1328,-2.4510223974400023
1329,-2.482368063078398
1330,-2.4510223974400023
1331,-11.470613438463989
1332,-11.470613438463989
1333,-2.3639511040000003
1334,-2.122086400000004
1335,-2.3639511040000003
1336,-2.122086400000004
1337,-11.273251839999995
1338,-11.273251839999995
1339,-2.4706134384639964
1340,-2.4183706623999988
1341,-2.4706134384639964
1342,-2.418370662400003
1343,-11.451022397439997
1344,-11.451022397439997
1345,-2.493652502708222
1346,-2.493652502708222
1347,-2.482368063078398
1348,-2.493652502708222
1349,-11.48942083784703
1350,-11.48942083784703
1351,0.0
1352,0.0
1353,0.0
1354,0.0
1355,0.0
1356,0.0
1357,-2.493652502708222
1358,-2.493652502708222
1359,-2.482368063078398
1360,-2.493652502708222
1361,-11.48942083784703
1362,-11.48942083784703
1363,-2.4706134384639964
1364,-2.4706134384639964
1365,-2.4183706623999988
1366,-2.4706134384639964
1367,-11.451022397439997
1368,-11.451022397439997
1369,-2.3639511040000003
1370,-2.3639511040000003
1371,-2.3639511040000003
1372,-2.122086400000004
1373,-11.273251839999995
1374,-11.273251839999995
1375,-2.482368063078398
1376,-2.482368063078398
1377,-2.4823680630784026
1378,-2.4510223974400063
1379,-11.470613438464005
1380,-11.470613438464005
1381,0.0
1382,0.0
1383,0.0
1384,0.0
1385,0.0
1386,0.0
1387,-2.470613438464001
1388,-2.470613438464001
1389,-2.470613438464001
1390,-2.418370662400007
1391,-11.451022397439997
1392,-11.451022397439997
1393,-2.482368063078398
1394,-2.482368063078398
1395,-2.4510223974400063
1396,-2.482368063078398
1397,-11.470613438464005
1398,-11.470613438464005
1399,-2.451022397439998
1400,-2.4510223974400023
1401,-2.3639511040000043
1402,-2.4510223974400023
1403,-11.418370662400003
1404,-11.418370662400003
1405,-2.482368063078398
1406,-2.482368063078398
1407,-2.4510223974400063
1408,-2.482368063078398
1409,-11.470613438464005
1410,-11.470613438464005
1411,0.0
1412,0.0
1413,0.0
1414,0.0
1415,0.0
1416,0.0
1417,-0.7504000000000028
1418,2.3599999999999963
1419,-0.7504000000000028
1420,2.3599999999999963
1421,-8.583999999999994
1422,-8.583999999999994
1423,-1.8701440000000038
1424,-1.8701440000000018
1425,-0.7504000000000028
1426,-1.8701440000000018
1427,-10.450239999999992
1428,-10.450239999999992
1429,-0.7504000000000028
1430,-0.7504000000000028
1431,-0.7504000000000028
1432,2.3599999999999963
1433,-8.583999999999994
1434,-8.583999999999994
1435,-1.450240000000004
1436,-1.450240000000004
1437,0.41599999999999737
1438,-1.450240000000002
1439,-9.750399999999994
1440,-9.750399999999994
1441,0.0
1442,0.0
1443,0.0
1444,0.0
1445,0.0
1446,0.0
1447,-2.4894208378470393
1448,-2.4894208378470393
1449,-2.4894208378470393
1450,-2.470613438464001
1451,-11.482368063078402
1452,-11.482368063078402
1453,-2.4183706623999988
1454,-2.4183706623999988
1455,-2.418370662400003
1456,-2.273251840000004
1457,-11.363951104
1458,-11.363951104
1459,-2.482368063078398
1460,-2.482368063078398
1461,-2.482368063078398
1462,-2.451022397439998
1463,-11.470613438463987
1464,-11.470613438463987
1465,-2.4894208378470393
1466,-2.470613438464001
1467,-2.470613438464001
1468,-2.4894208378470393
1469,-11.482368063078402
1470,-11.482368063078402
1471,0.0
1472,0.0
1473,0.0
1474,0.0
1475,0.0
1476,0.0
1477,-2.4894208378470393
1478,-2.470613438464001
1479,-2.470613438464001
1480,-2.4894208378470393
1481,-11.482368063078402
1482,-11.482368063078402
1483,-2.451022397439998
1484,-2.3639511040000003
1485,-2.3639511040000003
1486,-2.451022397439998
1487,-11.418370662400003
1488,-11.418370662400003
1489,-2.4183706623999988
1490,-2.418370662400003
1491,-2.418370662400003
1492,-2.273251840000004
1493,-11.363951104
1494,-11.363951104
1495,-2.4894208378470393
1496,-2.4894208378470393
1497,-2.4894208378470437
1498,-2.470613438464005
1499,-11.482368063078402
1500,-11.482368063078402
1501,0.0
1502,0.0
1503,0.0
1504,0.0
1505,0.0
1506,0.0
1507,-2.482368063078398
1508,-2.4823680630784026
1509,-2.4823680630784026
1510,-2.4510223974400063
1511,-11.470613438464005
1512,-11.470613438464005
1513,-2.470613438464001
1514,-2.470613438464001
1515,-2.418370662400007
1516,-2.470613438464001
1517,-11.451022397439997
1518,-11.451022397439997
1519,-2.4183706623999988
1520,-2.4183706623999988
1521,-2.273251840000004
1522,-2.418370662400003
1523,-11.363951104
1524,-11.363951104
1525,-2.470613438464001
1526,-2.470613438464001
1527,-2.418370662400007
1528,-2.470613438464001
1529,-11.451022397439997
1530,-11.451022397439997
1531,0.0
1532,0.0
1533,0.0
1534,0.0
1535,0.0
1536,0.0
1537,-1.450240000000004
1538,-1.450240000000004
1539,-1.450240000000002
1540,0.41599999999999737
1541,-9.750399999999994
1542,-9.750399999999994
1543,-1.450240000000004
1544,0.41599999999999737
1545,0.41599999999999737
1546,-1.450240000000002
1547,-9.750399999999994
1548,-9.750399999999994
1549,-1.450240000000004
1550,-1.450240000000004
1551,-1.450240000000002
1552,0.41599999999999737
1553,-9.750399999999994
1554,-9.750399999999994
1555,-0.7504000000000028
1556,-0.7504000000000028
1557,2.3599999999999963
1558,-0.7504000000000028
1559,-8.583999999999994
1560,-8.583999999999994
1561,0.0
1562,0.0
1563,0.0
1564,0.0
1565,0.0
1566,0.0
1567,-2.493652502708222
1568,-2.493652502708222
1569,-2.493652502708222
1570,-2.482368063078398
1571,-11.48942083784703
1572,-11.48942083784703
1573,-2.4510223974400023
1574,-2.451022397439998
1575,-2.4510223974400023
1576,-2.3639511040000043
1577,-11.418370662400003
1578,-11.418370662400003
1579,-2.4894208378470393
1580,-2.4894208378470393
1581,-2.4894208378470393
1582,-2.4706134384639964
1583,-11.482368063078384
1584,-11.482368063078384
1585,-2.482368063026822
1586,-2.4510223974400023
1587,-2.4510223974400023
1588,-2.4823680630731944
1589,-11.47061339252868
1590,-11.470613437311187
1591,0.0
1592,0.0
1593,0.0
1594,0.0
1595,0.0
1596,0.0
1597,-2.482368063062121
1598,-2.4510223974400023
1599,-2.4510223974400023
1600,-2.4823680630304765
1601,-11.470613435228596
1602,-11.470613436887195
1603,-2.418370662352145
1604,-2.27325184
1605,-2.27325184
1606,-2.4183706614689577
1607,-11.363951099126238
1608,-11.363951101412383
1609,-2.4510223974400023
1610,-2.4510223974400023
1611,-2.4510223974400023
1612,-2.3639511040000043
1613,-11.418370662400003
1614,-11.418370662400003
1615,-2.4936525027082266
1616,-2.493652502708222
1617,-2.4936525027082266
1618,-2.4823680630784066
1619,-11.489420837847032
1620,-11.489420837847032
1621,0.0
1622,0.0
1623,0.0
1624,0.0
1625,0.0
1626,0.0
1627,-2.4894208378470393
1628,-2.4894208378470393
1629,-2.4894208378470393
1630,-2.470613438464005
1631,-11.482368063078402
1632,-11.482368063078402
1633,-2.3639511040000043
1634,-2.4510223974400023
1635,-2.451022397439998
1636,-2.4510223974400023
1637,-11.418370662400003
1638,-11.418370662400003
1639,-2.122086400000004
1640,-2.3639511040000003
1641,-2.3639511040000003
1642,-2.3639511040000003
1643,-11.273251839999995
1644,-11.273251839999995
1645,-2.3639511040000043
1646,-2.4510223974400023
1647,-2.451022397439998
1648,-2.4510223974400023
1649,-11.418370662400003
1650,-11.418370662400003
1651,0.0
1652,0.0
1653,0.0
1654,0.0
1655,0.0
1656,0.0
1657,-1.8701440000000018
1658,-1.8701440000000018
1659,-1.8701440000000038
1660,-0.7504000000000028
1661,-10.450239999999992
1662,-10.450239999999992
1663,-0.7504000000000028
1664,2.3599999999999963
1665,2.3599999999999963
1666,-0.7504000000000028
1667,-8.583999999999994
1668,-8.583999999999994
1669,-1.8701440000000018
1670,-1.8701440000000018
1671,-1.8701440000000038
1672,-0.7504000000000028
1673,-10.450239999999992
1674,-10.450239999999992
1675,5.599999999999993
1676,0.41599999999999737
1677,0.41599999999999737
1678,0.41599999999999737
1679,-6.640000000000003
1680,-6.640000000000003
1681,0.0
1682,0.0
1683,0.0
1684,0.0
1685,0.0
1686,0.0
1687,-2.49619150162493
1688,-2.49619150162493
1689,-2.493652502708222
1690,-2.4894208378470393
1691,-11.49365250270809
1692,-11.493652502708153
1693,-2.470613438027333
1694,-2.4706134383624607
1695,-2.4510223972698584
1696,-2.418370662400003
1697,-11.451022379529268
1698,-11.451022370941837
1699,-2.493652502708222
1700,-2.493652502708222
1701,-2.4894208378470393
1702,-2.482368063078398
1703,-11.48942083784694
1704,-11.489420837847007
1705,-2.4706134384446368
1706,-2.418370662400003
1707,-2.4510223973746523
1708,-2.4706134383840066
1709,-11.45102239136444
1710,-11.451022395271897
1711,0.0
1712,0.0
1713,0.0
1714,0.0
1715,0.0
1716,0.0
1717,-2.470613438462626
1718,-2.418370662400003
1719,-2.451022397429015
1720,-2.470613438458856
1721,-11.451022397082033
1722,-11.451022396298574
1723,-2.363951103966468
1724,-2.122086400000004
1725,-2.2732518399954245
1726,-2.36395110396913
1727,-11.273251829959259
1728,-11.273251839920668
1729,-2.4706134384639755
1730,-2.4706134384639924
1731,-2.4510223974400023
1732,-2.418370662400003
1733,-11.451022397439662
1734,-11.451022397435652
1735,-2.4961915015904106
1736,-2.4961915016219054
1737,-2.4936525026976013
1738,-2.4894208378470437
1739,-11.493652492185698
1740,-11.493652480512365
1741,0.0
1742,0.0
1743,0.0
1744,0.0
1745,0.0
1746,0.0
1747,-2.493652502708222
1748,-2.493652502708222
1749,-2.4894208378470393
1750,-2.4823680630784026
1751,-11.489420837846916
1752,-11.48942083784703
1753,-2.4183706623999988
1754,-2.4706134384585523
1755,-2.4510223973481655
1756,-2.418370662400003
1757,-11.451022385996565
1758,-11.451022395659075
1759,-2.27325184
1760,-2.4183706611642655
1761,-2.363951103977933
1762,-2.27325184
1763,-11.363951087924187
1764,-11.363951084850248
1765,-2.4183706623999988
1766,-2.470613438227844
1767,-2.451022397400391
1768,-2.418370662400003
1769,-11.451022277786166
1770,-11.451022386999428
1771,0.0
1772,0.0
1773,0.0
1774,0.0
1775,0.0
1776,0.0
1777,-2.1220864
1778,-2.1220864
1779,-1.8701440000000018
1780,-1.450240000000004
1781,-10.87014399999999
1782,-10.87014399999999
1783,0.41599999999999737
1784,5.599999999999993
1785,2.3599999999999963
1786,0.41599999999999737
1787,-6.640000000000003
1788,-6.640000000000003
1789,-2.1220864
1790,-2.1220864
1791,-1.8701440000000018
1792,-1.450240000000004
1793,-10.87014399999999
1794,-10.87014399999999
1795,2.3599999999999963
1796,-0.7504000000000008
1797,0.41599999999999737
1798,2.3599999999999963
1799,-8.583999999999994
1800,-8.583999999999994
1801,0.0
1802,0.0
1803,0.0
1804,0.0
1805,0.0
1806,0.0
1807,-2.482368013967476
1808,-2.4510223974400023
1809,-2.4706133475206027
1810,-2.470613403002751
1811,-11.470600029729738
1812,-11.470599946378833
1813,-2.363950289266457
1814,-2.122086400000004
1815,-2.273251700052045
1816,-2.2732514292747297
1817,-11.273244822842365
1818,-11.273250691042017
1819,-2.4706133366329084
1820,-2.418370662400003
1821,-2.451022378094552
1822,-2.451022176268209
1823,-11.450949514345796
1824,-11.451001922438417
1825,-2.497714895914862
1826,-2.493652502708222
1827,-2.4961914981589346
1828,-2.49619149692515
1829,-11.49615711920347
1830,-11.49619103731546
1831,0.0
1832,0.0
1833,0.0
1834,0.0
1835,0.0
1836,0.0
1837,-2.4977148905967748
1838,-2.493652502708222
1839,-2.4961914944441723
1840,-2.4961914977426716
1841,-11.496172933254671
1842,-11.496176445718817
1843,-2.489420809344094
1844,-2.4706134384639964
1845,-2.482368056819783
1846,-2.4823680481608794
1847,-11.482360942998186
1848,-11.482351622562444
1849,-1.450240000000004
1850,-2.1220864
1851,-1.8701440000000038
1852,-1.8701440000000038
1853,-10.87014399999999
1854,-10.87014399999999
1855,-2.3639511040000043
1856,-2.4510223974400023
1857,-2.418370662400003
1858,-2.418370662400003
1859,-11.418370662400003
1860,-11.418370662400003
1861,0.0
1862,0.0
1863,0.0
1864,0.0
1865,0.0
1866,0.0
1867,-2.273251840000004
1868,-2.418370662400003
1869,-2.3639511040000003
1870,-2.3639511040000003
1871,-11.363951104
1872,-11.363951104
1873,-2.493652485281558
1874,-2.482368063078398
1875,-2.489420832817522
1876,-2.4894208011560295
1877,-11.48941437013619
1878,-11.489403549175226
1879,-2.4823680249674362
1880,-2.4510223974400023
1881,-2.4706132663328915
1882,-2.4706134295798083
1883,-11.47059045941893
1884,-11.470607948134592
1885,-2.4936525013376105
1886,-2.482368063078398
1887,-2.489420829243221
1888,-2.4894208317370303
1889,-11.489377890896879
1890,-11.489417671372452
1891,0.0
1892,0.0
1893,0.0
1894,0.0
1895,0.0
1896,0.0
1897,-0.7504000000000028
1898,2.3599999999999963
1899,0.41599999999999737
1900,0.41599999999999737
1901,-8.583999999999994
1902,-8.583999999999994
1903,-2.27325184
1904,-1.8701440000000038
1905,-2.1220864
1906,-2.1220864
1907,-11.122086399999999
1908,-11.122086399999999
1909,10.999999999999991
1910,2.3599999999999963
1911,5.599999999999993
1912,5.599999999999993
1913,-3.400000000000006
1914,-3.400000000000006
1915,-2.1220864
1916,-1.450240000000004
1917,-1.8701440000000038
1918,-1.8701440000000038
1919,-10.87014399999999
1920,-10.87014399999999
1921,0.0
1922,0.0
1923,0.0
1924,0.0
1925,0.0
1926,0.0
1927,-2.4894208047695785
1928,-2.470613438464001
1929,-2.4894208373770215
1930,-2.482368054302478
1931,-11.482367497816961
1932,-11.482367885402414
1933,-2.418370646733114
1934,-2.273251840000004
1935,-2.4183705250334606
1936,-2.3639511023469773
1937,-11.36395105464593
1938,-11.36395072934989
1939,-2.482368058758406
1940,-2.451022397439998
1941,-2.4823680337040304
1942,-2.470613437815543
1943,-11.470613234987802
1944,-11.47061320980106
1945,-2.49619147792518
1946,-2.4894208378470393
1947,-2.4894208378470393
1948,-2.4936524739233636
1949,-11.493640234262005
1950,-11.493651021416676
1951,0.0
1952,0.0
1953,0.0
1954,0.0
1955,0.0
1956,0.0
1957,-2.49619148829865
1958,-2.4894208378470393
1959,-2.4894208378470393
1960,-2.4936524482248967
1961,-11.493643566228625
1962,-11.493461157133357
1963,-2.4823679765347193
1964,-2.451022397439998
1965,-2.451022397439998
1966,-2.4706134099400683
1967,-11.47060700430177
1968,-11.470554956832343
1969,-2.4183706598826205
1970,-2.273251840000004
1971,-2.418370656753624
1972,-2.363951103076937
1973,-11.363950484489495
1974,-11.36394838137651
1975,-2.4894208378470393
1976,-2.470613438464001
1977,-2.4894208378470215
1978,-2.482368063078398
1979,-11.48236806305789
1980,-11.482368063077688
1981,0.0
1982,0.0
1983,0.0
1984,0.0
1985,0.0
1986,0.0
1987,-2.4823680512947854
1988,-2.4510223974400063
1989,-2.4823679920272164
1990,-2.4706134292333757
1991,-11.470613206879557
1992,-11.47061330760268
1993,-2.4894207190245994
1994,-2.470613438464001
1995,-2.470613438464001
1996,-2.4823680520743565
1997,-11.482358317892334
1998,-11.482197514836992
1999,-2.4706134122138743
2000,-2.418370662400003
2001,-2.4183706623999988
2002,-2.451022376014233
2003,-11.451005519661086
2004,-11.451015994296535
2005,-2.4894208342227717
2006,-2.470613438464001
2007,-2.470613438464001
2008,-2.4823680481425017
2009,-11.482339154905166
2010,-11.482324185274427
2011,0.0
2012,0.0
2013,0.0
2014,0.0
2015,0.0
2016,0.0
2017,-1.4503779527025331
2018,0.41599999999999737
2019,-1.4499318356187942
2020,-0.7510995768541193
2021,-9.666456457953368
2022,-9.710853928809268
2023,-2.098392837941765
2024,-1.450240000000004
2025,-1.4506142256517363
2026,-1.8690866738910294
2027,-10.850314882188297
2028,-10.860560307529482
2029,-1.4524628942885838
2030,0.41599999999999737
2031,-1.4495589658027488
2032,-0.7517342671186718
2033,-9.74556467509568
2034,-9.674832327842953
2035,-1.8631117680379563
2036,-0.7504000000000028
2037,-0.7572594613653627
2038,-1.4490688133524292
2039,-10.441207707653696
2040,-10.417961428764315
2041,0.0
2042,0.0
2043,0.0
2044,0.0
2045,0.0
2046,0.0
2047,-2.4936522610212046
2048,-2.482368063078398
2049,-2.489420811234335
2050,-2.482368063078398
2051,-11.489419579675964
2052,-11.489419357986543
2053,-2.4510223210453725
2054,-2.3639511040000003
2055,-2.4183704564342574
2056,-2.3639511040000003
2057,-11.418370543176152
2058,-11.418369339533362
2059,-2.4894208362293444
2060,-2.4706134384639964
2061,-2.4823679975161452
2062,-2.4706134384639964
2063,-11.482365838035113
2064,-11.482360016732475
2065,-2.493652502384581
2066,-2.482368063078398
2067,-2.4894208273865925
2068,-2.4936525006888366
2069,-11.489414972707495
2070,-11.489420528780919
2071,0.0
2072,0.0
2073,0.0
2074,0.0
2075,0.0
2076,0.0
2077,-2.4936525014359483
2078,-2.482368063078398
2079,-2.4894208365887045
2080,-2.4936524596376604
2081,-11.489418059155337
2082,-11.489420675737762
2083,-2.470613429266478
2084,-2.4183706623999988
2085,-2.4510223881031323
2086,-2.470613431702867
2087,-11.45101966741402
2088,-11.451019006960669
2089,-2.451022323322765
2090,-2.3639511040000003
2091,-2.418370583992751
2092,-2.3639511040000003
2093,-11.41836814793675
2094,-11.418358780039359
2095,-2.4936524967491276
2096,-2.4823680630784026
2097,-2.4894207966582087
2098,-2.482368063078398
2099,-11.489411720867652
2100,-11.489419656437434
2101,0.0
2102,0.0
2103,0.0
2104,0.0
2105,0.0
2106,0.0
2107,-2.489420828086213
2108,-2.470613438464001
2109,-2.4823679910928567
2110,-2.470613438464001
2111,-11.482364936560568
2112,-11.482366038927136
2113,-2.4823680583607963
2114,-2.4510223974400023
2115,-2.4706134349961064
2116,-2.482368055767939
2117,-11.470613268658411
2118,-11.470612661050897
2119,-2.4510223974396523
2120,-2.3639511040000003
2121,-2.418370662399912
2122,-2.451022397439991
2123,-11.418370662399422
2124,-11.418370662347291
2125,-2.4823680582164847
2126,-2.4510223974400023
2127,-2.4706134330849308
2128,-2.482368060249544
2129,-11.470607683311712
2130,-11.470613293189352
2131,0.0
2132,0.0
2133,0.0
2134,0.0
2135,0.0
2136,0.0
2137,-1.8660621158139057
2138,-0.7504000000000028
2139,-1.4496351132810334
2140,-0.7518481150241163
2141,-10.426988208335732
2142,-10.434984028378807
2143,-1.8694515055974767
2144,-0.7504000000000028
2145,-1.4502671214335303
2146,-1.8698823534988611
2147,-10.376137543717336
2148,-10.429274320586522
2149,-1.8558158029171907
2150,-0.7504000000000028
2151,-1.4500050099591162
2152,-0.7510929060608191
2153,-10.434888615943699
2154,-10.431412740357997
2155,-1.4508090650409218
2156,0.41599999999999737
2157,-0.7512247367775795
2158,-1.449436041889877
2159,-9.742932693301123
2160,-9.726577026036827
2161,0.0
2162,0.0
2163,0.0
2164,0.0
2165,0.0
2166,0.0
2167,-2.4961914989430496
2168,-2.4894208378470393
2169,-2.496191499350909
2170,-2.4936525022360065
2171,-11.493647336341171
2172,-11.493651026491985
2173,-2.470613377265023
2174,-2.418370662400003
2175,-2.4706134323640083
2176,-2.451022389816683
2177,-11.451021928480733
2178,-11.451020557270972
2179,-2.4936525006061374
2180,-2.482368063078398
2181,-2.493652500588406
2182,-2.4894208356230934
2183,-11.489420020626689
2184,-11.489420612354408
2185,-2.4894208102609525
2186,-2.470613438464001
2187,-2.470613438464001
2188,-2.4823679635403035
2189,-11.482320733737753
2190,-11.482362836647008
2191,0.0
2192,0.0
2193,0.0
2194,0.0
2195,0.0
2196,0.0
2197,-2.4894203296092887
2198,-2.470613438464001
2199,-2.470613438464001
2200,-2.4823678975066885
2201,-11.482335904462495
2202,-11.482348913667707
2203,-2.451022146491489
2204,-2.3639511040000003
2205,-2.3639511040000003
2206,-2.4183706041202613
2207,-11.418360977551215
2208,-11.418368206361052
2209,-2.4706132900709386
2210,-2.418370662400007
2211,-2.4706134116254406
2212,-2.4510223646164238
2213,-11.451021416269397
2214,-11.45101776111868
2215,-2.496191501282182
2216,-2.4894208378470437
2217,-2.4961914885273644
2218,-2.4936524946175025
2219,-11.493643406703754
2220,-11.493652163239215
2221,0.0
2222,0.0
2223,0.0
2224,0.0
2225,0.0
2226,0.0
2227,-2.493652475054481
2228,-2.4823680630784026
2229,-2.4936525002715353
2230,-2.4894208333636816
2231,-11.489419851926103
2232,-11.489420025790437
2233,-2.273251840000004
2234,-2.418370662400003
2235,-2.4183706623999988
2236,-2.3639511040000003
2237,-11.363951104
2238,-11.363951104
2239,-1.8701440000000038
2240,-2.27325184
2241,-2.27325184
2242,-2.1220864
2243,-11.122086399999999
2244,-11.122086399999999
2245,-2.273251840000004
2246,-2.418370662400003
2247,-2.4183706623999988
2248,-2.3639511040000003
2249,-11.363951104
2250,-11.363951104
2251,0.0
2252,0.0
2253,0.0
2254,0.0
2255,0.0
2256,0.0
2257,-2.1220864
2258,-1.450240000000004
2259,-2.1220864
2260,-1.8701440000000018
2261,-10.87014399999999
2262,-10.87014399999999
2263,-1.450240000000002
2264,0.41599999999999737
2265,0.41599999999999737
2266,-0.7504000000000028
2267,-9.750399999999994
2268,-9.750399999999994
2269,-2.1220864
2270,-1.450240000000004
2271,-2.1220864
2272,-1.8701440000000038
2273,-10.87014399999999
2274,-10.87014399999999
2275,10.999999999999991
2276,2.3599999999999963
2277,2.3599999999999963
2278,5.599999999999993
2279,-3.400000000000006
2280,-3.400000000000006
2281,0.0
2282,0.0
2283,0.0
2284,0.0
2285,0.0
2286,0.0
2287,-2.497714872761489
2288,-2.493652502708222
2289,-2.4961914937639906
2290,-2.493652502708222
2291,-11.49619003252502
2292,-11.496180529728791
2293,-2.482367774290198
2294,-2.4510223974400023
2295,-2.4706134144175755
2296,-2.4510223974400023
2297,-11.47059315832891
2298,-11.470601475927936
2299,-2.496191495821784
2300,-2.4894208378470393
2301,-2.493652478851343
2302,-2.4894208378470393
2303,-11.493645151864586
2304,-11.493649345278227
2305,-2.482368031213669
2306,-2.4510223974400023
2307,-2.470613428483605
2308,-2.4823680214889103
2309,-11.470609963668853
2310,-11.470613094837585
2311,0.0
2312,0.0
2313,0.0
2314,0.0
2315,0.0
2316,0.0
2317,-2.482368032261156
2318,-2.4510223974400023
2319,-2.4706133370221406
2320,-2.4823679671267573
2321,-11.470613162454448
2322,-11.47061302580272
2323,-2.418369972273501
2324,-2.27325184
2325,-2.36395099005344
2326,-2.4183706011697867
2327,-11.363899479838734
2328,-11.36395014952831
2329,-2.482367899207812
2330,-2.4510223974400023
2331,-2.470613363763555
2332,-2.4510223974400023
2333,-11.47059657406544
2334,-11.470598649979074
2335,-2.49771490033089
2336,-2.4936525027082266
2337,-2.496191485286467
2338,-2.4936525027082266
2339,-11.49616567856496
2340,-11.496178013634186
2341,0.0
2342,0.0
2343,0.0
2344,0.0
2345,0.0
2346,0.0
2347,-2.4961913834587053
2348,-2.4894208378470393
2349,-2.4936524971108893
2350,-2.4894208378470393
2351,-11.493617179553208
2352,-11.493644551598486
2353,-2.3639511040000003
2354,-2.4510223974397825
2355,-2.4183706623999988
2356,-2.3639511040000003
2357,-11.418370662399415
2358,-11.41837066239944
2359,-2.122086400000004
2360,-2.3639511039997534
2361,-2.273251839999956
2362,-2.1220864
2363,-11.273251839995417
2364,-11.27325183998684
2365,-2.3639511040000003
2366,-2.451022397439998
2367,-2.418370662399966
2368,-2.3639511040000003
2369,-11.41837066235679
2370,-11.41837066239814
2371,0.0
2372,0.0
2373,0.0
2374,0.0
2375,0.0
2376,0.0
2377,-2.272717498207227
2378,-1.8701756987240363
2379,-2.121897232661698
2380,-1.8701440000000038
2381,-11.112357708071496
2382,-11.113309884560923
2383,-0.7505808374026977
2384,2.3599999999999963
2385,0.4132687467722258
2386,-0.7505728066545703
2387,-8.581830558602139
2388,-8.571748148160042
2389,-2.2731126634171592
2390,-1.8702444284115622
2391,-2.121851461263351
2392,-1.8701440000000038
2393,-11.117372075248701
2394,-11.120255057213596
2395,5.599999999999993
2396,0.41599999999999737
2397,2.3599999999999963
2398,5.599999999999993
2399,-6.640000000000003
2400,-6.640000000000003
2401,0.0
2402,0.0
2403,0.0
2404,0.0
2405,0.0
2406,0.0
2407,-2.482332699408805
2408,-2.470613438464001
2409,-2.482357732809718
2410,-2.4823598535670217
2411,-11.466766663867977
2412,-11.4791196784555
2413,-2.363905294653208
2414,-2.27325184
2415,-2.3637248476012127
2416,-2.3638891894949747
2417,-11.354896631540422
2418,-11.354863289543266
2419,-2.4705936834502005
2420,-2.4510223974400023
2421,-2.4706016954457395
2422,-2.470602545935013
2423,-11.463142201978805
2424,-11.46380345584629
2425,-2.4977123412182416
2426,-2.49619150162493
2427,-2.4977129802271647
2428,-2.4977132814410496
2429,-11.491513644895845
2430,-11.492735803612655
2431,0.0
2432,0.0
2433,0.0
2434,0.0
2435,0.0
2436,0.0
2437,-2.4977105760369924
2438,-2.49619150162493
2439,-2.497711034965902
2440,-2.4977141927023503
2441,-11.496693151261208
2442,-11.494090738657489
2443,-2.489373325724287
2444,-2.482368063078398
2445,-2.48941621028903
2446,-2.4894086089835072
2447,-11.485646345216166
2448,-11.481075896214621
2449,-1.450240000000004
2450,-1.8701440000000018
2451,-1.450240000000004
2452,-1.450240000000004
2453,-0.7504000000000028
2454,-10.450239999999992
2455,-2.3639511040000003
2456,-2.418370662400003
2457,-2.3639511040000003
2458,-2.3639511040000003
2459,-2.273251840000004
2460,-11.363951104
2461,0.0
2462,0.0
2463,0.0
2464,0.0
2465,0.0
2466,0.0
2467,-2.27325184
2468,-2.3639511040000003
2469,-2.27325184
2470,-2.27325184
2471,-2.122086400000004
2472,-11.273251839999995
2473,-2.4936419481804304
2474,-2.4894208378470393
2475,-2.4936299035896883
2476,-2.4936421162314284
2477,-11.489088655562044
2478,-11.490268029083706
2479,-2.4823614566703482
2480,-2.470613438464001
2481,-2.482357903332952
2482,-2.482359907458966
2483,-11.480614832678523
2484,-11.437487578798851
2485,-2.493650277848002
2486,-2.4894208378470393
2487,-2.493646802956855
2488,-2.4936456179812083
2489,-11.49193439156651
2490,-11.491003390265384
2491,0.0
2492,0.0
2493,0.0
2494,0.0
2495,0.0
2496,0.0
2497,-0.7504000000000028
2498,0.41599999999999737
2499,-0.7504000000000028
2500,-0.7504000000000028
2501,-9.750399999999994
2502,-1.450240000000002
2503,-2.27325184
2504,-2.122086400000004
2505,-2.27325184
2506,-2.27325184
2507,-11.273251839999995
2508,-2.3639511040000003
2509,10.999999999999991
2510,5.599999999999993
2511,10.999999999999991
2512,10.999999999999991
2513,1.9999999999999922
2514,19.99999999999999
2515,-2.1220864
2516,-1.8701440000000038
2517,-2.1220864
2518,-2.1220864
2519,-11.122086399999999
2520,-2.27325184
2521,0.0
2522,0.0
2523,0.0
2524,0.0
2525,0.0
2526,0.0
2527,-2.4893776640689715
2528,-2.482368063078398
2529,-2.493645615647086
2530,-2.4894138289053123
2531,-11.488167575706473
2532,-11.480854796952396
2533,-2.418341463952536
2534,-2.3639511040000003
2535,-2.4509971455299016
2536,-2.4183498175440334
2537,-11.412815322429074
2538,-11.414855571193428
2539,-2.4823620469462395
2540,-2.4706134384639964
2541,-2.4894147878725152
2542,-2.4823506818273486
2543,-11.471877857526595
2544,-11.474759782144519
2545,-2.4961865074910854
2546,-2.493652502708222
2547,-2.493652502708222
2548,-2.4961910154491487
2549,-11.492943924953577
2550,-11.493850591706565
2551,0.0
2552,0.0
2553,0.0
2554,0.0
2555,0.0
2556,0.0
2557,-2.496188850300236
2558,-2.493652502708222
2559,-2.493652502708222
2560,-2.496175799122004
2561,-11.490145238668385
2562,-11.487796639195409
2563,-2.4823417102373195
2564,-2.4706134384639964
2565,-2.4706134384639964
2566,-2.4823322349559027
2567,-11.469374554003839
2568,-11.479775665959552
2569,-2.418199418133902
2570,-2.3639511040000003
2571,-2.4509205582157403
2572,-2.418288145051232
2573,-11.394691059423145
2574,-11.414439954967731
2575,-2.4894150407665876
2576,-2.482368063078398
2577,-2.4936394700534006
2578,-2.4894144611390296
2579,-11.488573653187133
2580,-11.487720369146444
2581,0.0
2582,0.0
2583,0.0
2584,0.0
2585,0.0
2586,0.0
2587,-2.4823615095897384
2588,-2.470613438464001
2589,-2.4893926057124607
2590,-2.482366680984856
2591,-11.470497786347297
2592,-11.481213956388677
2593,-2.4894185917430183
2594,-2.482368063078398
2595,-2.482368063078398
2596,-2.489402288218622
2597,-11.471861427819787
2598,-11.479095642797638
2599,-2.470562060166388
2600,-2.451022397439998
2601,-2.451022397439998
2602,-2.4705623310609206
2603,-11.462899354165407
2604,-11.467378826393672
2605,-2.4894100412272735
2606,-2.482368063078398
2607,-2.482368063078398
2608,-2.489408579186671
2609,-11.486109183851038
2610,-11.488030163355633
2611,0.0
2612,0.0
2613,0.0
2614,0.0
2615,0.0
2616,0.0
2617,-1.2129055030115636
2618,-0.7504122895281071
2619,-1.3572010930284484
2620,-1.2001536147467127
2621,-3.5406876955420135
2622,-4.848574866457458
2623,-1.869915588538904
2624,-1.8526973537748999
2625,-1.851633757438826
2626,-1.8937576850645192
2627,-4.395139360120116
2628,-5.652443815126463
2629,-1.2628277141073982
2630,-0.7507656716553273
2631,-1.3677983455756773
2632,-1.2710720856361106
2633,-4.29033512075781
2634,-3.57015233944034
2635,-1.4816263923418445
2636,-1.4459461967535916
2637,-1.4458859769773356
2638,-1.5174297537539818
2639,-1.932579670624
2640,-1.958093536400535
2641,0.0
2642,0.0
2643,0.0
2644,0.0
2645,0.0
2646,0.0
2647,-2.4936508880686565
2648,-2.4894208378470393
2649,-2.493644057784685
2650,-2.4894208378470393
2651,-11.492398983080856
2652,-11.491735726012942
2653,-2.450975318568965
2654,-2.4183706623999988
2655,-2.451001441874246
2656,-2.4183706623999988
2657,-11.427398762313592
2658,-11.446669372396872
2659,-2.4894022373765563
2660,-2.482368063078398
2661,-2.489416135371846
2662,-2.482368063078398
2663,-11.481966314452388
2664,-11.481952004058583
2665,-2.493650736417316
2666,-2.4894208378470393
2667,-2.493652289316946
2668,-2.4961889873773093
2669,-11.492989502720905
2670,-11.492994316638535
2671,0.0
2672,0.0
2673,0.0
2674,0.0
2675,0.0
2676,0.0
2677,-2.4936501443213444
2678,-2.4894208378470393
2679,-2.4936510835346493
2680,-2.496183528425328
2681,-11.4910208226443
2682,-11.492260529434589
2683,-2.4706028883347186
2684,-2.451022397439998
2685,-2.4706084249140003
2686,-2.4823605119269176
2687,-11.469229723856971
2688,-11.468009629243433
2689,-2.4509222058571716
2690,-2.4183706623999988
2691,-2.450987883304547
2692,-2.4183706623999988
2693,-11.436917548666212
2694,-11.43812668964214
2695,-2.4936455710332135
2696,-2.4894208378470393
2697,-2.4936469705656137
2698,-2.4894208378470393
2699,-11.456662177389834
2700,-11.49121150122051
2701,0.0
2702,0.0
2703,0.0
2704,0.0
2705,0.0
2706,0.0
2707,-2.4894141832005396
2708,-2.482368063078398
2709,-2.489415081655884
2710,-2.482368063078398
2711,-11.485832358250773
2712,-11.470253002378042
2713,-2.482366361038117
2714,-2.470613438464001
2715,-2.482348915648759
2716,-2.489413203543389
2717,-11.46982143274364
2718,-11.479703590296616
2719,-2.451011548231272
2720,-2.4183706623999988
2721,-2.45100578100459
2722,-2.470594600223237
2723,-11.442807228153827
2724,-11.446035662276234
2725,-2.4823490983985774
2726,-2.470613438464001
2727,-2.482364489761441
2728,-2.4892928537994883
2729,-11.479146468671265
2730,-11.477851210813625
2731,0.0
2732,0.0
2733,0.0
2734,0.0
2735,0.0
2736,0.0
2737,-1.4783731235480806
2738,-1.447284568827394
2739,-1.4816263923418445
2740,-1.4474692112227303
2741,-3.635771711898153
2742,-4.279594883415252
2743,-1.5572555770910927
2744,-1.4502442882030098
2745,-1.5557569673076754
2746,-1.5652415034430354
2747,-5.5870325873780535
2748,-2.8326870430208637
2749,-1.5132792826126917
2750,-1.4426283617730074
2751,-1.4816172873722753
2752,-1.4419052698601023
2753,-4.23603067112796
2754,-2.8359395613000293
2755,-1.1989926883338182
2756,-0.7504742468033403
2757,-1.288681291299914
2758,-1.4310602830347319
2759,-3.555443646474533
2760,-3.5936242126818256
2761,0.0
2762,0.0
2763,0.0
2764,0.0
2765,0.0
2766,0.0
2767,-2.496189141142999
2768,-2.493652502708222
2769,-2.49770606617608
2770,-2.4961908507738335
2771,-11.493269855788137
2772,-11.494632836811336
2773,-2.47060042230536
2774,-2.4510223974400023
2775,-2.482353358838886
2776,-2.4705956230486765
2777,-11.461346320265754
2778,-11.455092714153079
2779,-2.4936520010559864
2780,-2.4894208378470393
2781,-2.496182124453051
2782,-2.493651756228648
2783,-11.493047642118631
2784,-11.491025849415621
2785,-2.489416618795754
2786,-2.482368063078398
2787,-2.482368063078398
2788,-2.4894155817042023
2789,-11.479050364322584
2790,-11.476516633684192
2791,0.0
2792,0.0
2793,0.0
2794,0.0
2795,0.0
2796,0.0
2797,-2.489409672749049
2798,-2.482368063078398
2799,-2.482368063078398
2800,-2.4893953488083023
2801,-11.480172009881908
2802,-11.475234796846031
2803,-2.450979645017217
2804,-2.4183706623999988
2805,-2.4183706623999988
2806,-2.4510136723502196
2807,-11.449312649197763
2808,-11.447442010383634
2809,-2.4706109736387094
2810,-2.4510223974400023
2811,-2.4823170346872048
2812,-2.4705958681664306
2813,-11.469794726574484
2814,-11.468016520790634
2815,-2.496183841066179
2816,-2.4936525027082266
2817,-2.497707374012964
2818,-2.4961871062504954
2819,-11.4917148532069
2820,-11.494483827543906
2821,0.0
2822,0.0
2823,0.0
2824,0.0
2825,0.0
2826,0.0
2827,-2.4936456485644922
2828,-2.4894208378470393
2829,-2.4961884984388916
2830,-2.4936437326927807
2831,-11.489564209198127
2832,-11.491487800097065
2833,-2.27325184
2834,-2.3639511040000003
2835,-2.3639511040000003
2836,-2.27325184
2837,-2.122086400000004
2838,-11.273251839999995
2839,-1.8701440000000018
2840,-2.1220864
2841,-2.1220864
2842,-1.8701440000000018
2843,-1.450240000000004
2844,-10.87014399999999
2845,-2.27325184
2846,-2.3639511040000003
2847,-2.3639511040000003
2848,-2.27325184
2849,-2.122086400000004
2850,-11.273251839999995
2851,0.0
2852,0.0
2853,0.0
2854,0.0
2855,0.0
2856,0.0
2857,-2.1220864
2858,-1.8701440000000038
2859,-2.27325184
2860,-2.1220864
2861,-11.122086399999999
2862,-2.27325184
2863,-1.450240000000004
2864,-0.7504000000000028
2865,-0.7504000000000028
2866,-1.450240000000004
2867,-10.450239999999992
2868,-1.8701440000000018
2869,-2.1220864
2870,-1.8701440000000038
2871,-2.27325184
2872,-2.1220864
2873,-11.122086399999999
2874,-2.27325184
2875,10.999999999999991
2876,5.599999999999993
2877,5.599999999999993
2878,10.999999999999991
2879,1.9999999999999922
2880,19.99999999999999
2881,0.0
2882,0.0
2883,0.0
2884,0.0
2885,0.0
2886,0.0
2887,-2.4977114235675315
2888,-2.49619150162493
2889,-2.4977102163069147
2890,-2.49619150162493
2891,-11.495049791888494
2892,-11.490974307063299
2893,-2.4823554960332768
2894,-2.470613438464001
2895,-2.482344845930612
2896,-2.470613438464001
2897,-11.47479352980843
2898,-11.478819043635209
2899,-2.4961903661867373
2900,-2.493652502708222
2901,-2.4961814513418363
2902,-2.493652502708222
2903,-11.495349277593316
2904,-11.488712076675894
2905,-2.482359697507205
2906,-2.470613438464001
2907,-2.482363738673186
2908,-2.4894158843377565
2909,-11.477866335160735
2910,-11.471927705000489
2911,0.0
2912,0.0
2913,0.0
2914,0.0
2915,0.0
2916,0.0
2917,-2.482365730624371
2918,-2.470613438464001
2919,-2.482361496657895
2920,-2.489404696845088
2921,-11.480007431508714
2922,-11.481554930730564
2923,-2.4183367461816747
2924,-2.3639511040000003
2925,-2.418341562796316
2926,-2.4509409391611934
2927,-11.416269562060934
2928,-11.416674684994714
2929,-2.4823461597949557
2930,-2.470613438464001
2931,-2.482335856557845
2932,-2.470613438464001
2933,-11.463073761675945
2934,-11.479081535765202
2935,-2.497711422956639
2936,-2.4961915016249345
2937,-2.497712369629392
2938,-2.4961915016249345
2939,-11.490880711104044
2940,-11.490097473059778
2941,0.0
2942,0.0
2943,0.0
2944,0.0
2945,0.0
2946,0.0
2947,-2.496188915120195
2948,-2.493652502708222
2949,-2.4961873624473725
2950,-2.493652502708222
2951,-11.487737515920376
2952,-11.491699100761375
2953,-2.3639511040000003
2954,-2.4183706623999988
2955,-2.3639511040000003
2956,-2.273251840000004
2957,-11.363951104
2958,-11.363951104
2959,-2.1220807999639133
2960,-2.273240039204712
2961,-2.1220517381228086
2962,-1.8701440000000038
2963,-11.121672002697348
2964,-11.120278567504807
2965,-2.3639511040000003
2966,-2.4183706623999988
2967,-2.3639511040000003
2968,-2.273251840000004
2969,-11.363951104
2970,-11.363951104
2971,0.0
2972,0.0
2973,0.0
2974,0.0
2975,0.0
2976,0.0
2977,-2.2666134429379188
2978,-2.1220864
2979,-2.2672400960163777
2980,-2.1220864
2981,-10.913784172522059
2982,-11.012281181014725
2983,-0.7661988013473879
2984,0.41599999999999737
2985,-0.7730129311931304
2986,-1.409863719374005
2987,-9.422802897808978
2988,-9.485799265795194
2989,-2.26724039911805
2990,-2.1220864
2991,-2.2607616256721115
2992,-2.1220864
2993,-10.98023908890071
2994,-10.981897606564795
2995,5.599999999999993
2996,2.3599999999999963
2997,5.599999999999993
2998,10.999999999999991
2999,-3.400000000000006
3000,-3.400000000000006
